------------------------------------------------	------------------------------------------------	SUBST	o	o	o
		_SP	o	o	o
﻿Wiek	﻿wiek	SUBST	o	o	o
		_SP	o	o	o
------------------------------------------------	------------------------------------------------	SUBST	o	o	o
		_SP	o	o	o
76	76	NUM	o	o	o
lat	rok	SUBST	o	o	o
		_SP	o	o	o
------------------------------------------------	------------------------------------------------	SUBST	o	o	o
		_SP	o	o	o
Płeć	płeć	SUBST	o	o	o
		_SP	o	o	o

------------------------------------------------	------------------------------------------------	SUBST	o	o	o
		_SP	o	o	o
żeńska	żeński	ADJ	o	o	o
		_SP	o	o	o
------------------------------------------------	------------------------------------------------	SUBST	o	o	o
		_SP	o	o	o

Badanie	badan	SUBST	o	o	o
podmiotowe/Wywiad	podmiotowe/wywiad	SUBST	o	o	o
		_SP	o	o	o
------------------------------------------------	------------------------------------------------	SUBST	o	o	o
		_SP	o	o	o

Chora	chory	ADJ	o	b-pati_or_disa_grou	o
lat	rok	SUBST	o	o	o
76	76	NUM	o	o	o
,	,	INTERP	o	o	o
przyjęta	przyjąć	PPAS	o	o	o
do	do	PREP	o	o	o
Kliniki	klinika	SUBST	o	o	o
z	z	PREP	o	o	o
powodu	powód	SUBST	o	o	o
silnego	silny	ADJ	b-Symptom	o	o
osłabienia	osłabienie	SUBST	i-Symptom	b-sign_or_symp	o
,	,	INTERP	o	o	o
wzmożonej	wzmóc	PPAS	b-Symptom	o	o
potliwości	potliwość	SUBST	i-Symptom	o	o
,	,	INTERP	o	o	o
duszności	duszność	SUBST	b-Symptom	b-sign_or_symp	o
nasilonej	nasilonej	ADJ	i-Symptom	o	o
do	do	PREP	o	o	o
III	iii	ADJ	b-Investigation_result	o	o
klasy	klasa	SUBST	i-Investigation_result	o	o
wg	według	BREV	i-Investigation_result	o	o
NYHA	nyha	SUBST	i-Investigation_result	o	o
,	,	INTERP	o	o	o
bólów	ból	SUBST	b-Symptom	o	o
w	w	PREP	i-Symptom	o	o
klatce	klatka	SUBST	i-Symptom	b-body_loca_or_regi	o
piersiowej	piersiowy	ADJ	i-Symptom	i-body_loca_or_regi	o
-	-	INTERP	i-Symptom	o	o
również	również	QUB	i-Symptom	o	o
spoczynkowych	spoczynkowy	ADJ	i-Symptom	o	o
,	,	INTERP	i-Symptom	o	o
nie	nie	QUB	i-Symptom	o	o
są	być	FIN	i-Symptom	o	o
związane	związane	ADJ	i-Symptom	o	o
z	z	PREP	i-Symptom	o	o
wysiłkiem	wysiłek	SUBST	i-Symptom	o	o
-	-	INTERP	o	o	o
dolegliwości	dolegliwość	SUBST	o	o	o
od	od	PREP	b-Date	o	o
01.2018	01.2018	SUBST	i-Date	o	o
.	.	INTERP	o	o	o
obecnie	obecnie	ADV	o	o	o
równiez	równiez	QUB	o	o	o
stały	stały	ADJ	b-Symptom	o	o
stan	stan	SUBST	i-Symptom	o	o
podgorączkowy	podgorączkowy	ADJ	i-Symptom	o	o
ok.	ok.	SUBST	o	o	o
37.1	37.1	NUM	b-Investigation_result	o	o
st.	st.	SUBST	i-Investigation_result	o	o
C.	c.	SUBST	i-Investigation_result	o	o
		_SP	o	o	o
W	w	PREP	o	o	o
wywiadzie	wywiad	SUBST	o	b-acti	o
ponadto	ponadto	QUB	o	o	o
:	:	INTERP	o	o	o
		_SP	o	o	o
zapalenie	zapalenie	SUBST	b-Condition	o	o
płuc	płuco	SUBST	i-Condition	b-body_part_orga_or_orga_comp	o
przebyte	przebyć	PPAS	b-Date	o	o
na	na	PREP	i-Date	o	o
początku	początek	SUBST	i-Date	o	o
roku	rok	SUBST	i-Date	o	o
-	-	INTERP	o	o	o
lecz	lecz	CONJ	b-Treatment	o	o
.	.	INTERP	i-Treatment	o	o

Ceftriaksonem	ceftriaksonem	SUBST	i-Treatment	o	o
,	,	INTERP	i-Treatment	o	o
		_SP	o	o	o
zakaż	zakaż	SUBST	b-Condition	o	o
.	.	INTERP	i-Condition	o	o

Cl	cl	BREV	i-Condition	o	o
.	.	INTERP	i-Condition	o	o
difficile	difficile	SUBST	i-Condition	o	o
-	-	INTERP	o	o	o
02.2018	02.2018	NUM	b-Date	o	o
,	,	INTERP	o	o	o
stan	stan	SUBST	b-Condition	o	o
po	po	PREP	i-Condition	o	o
implantacji	implantacja	SUBST	i-Condition	o	o
kardiostymulatora	kardiostymulator	SUBST	i-Condition	b-medi_devi	o
dwujamowego	dwujamowego	ADJ	i-Condition	o	o
(	(	INTERP	o	o	o
07.2014	07.2014	SUBST	b-Date	o	o
)	)	INTERP	o	o	o
z	z	PREP	o	o	o
powodu	powód	SUBST	o	o	o
BTS	bts	SUBST	b-Condition	o	o
(	(	INTERP	o	o	o
napadowe	napadowy	ADJ	b-Condition	o	o
AF/AFl	af/afl	SUBST	i-Condition	o	o
+	+	INTERP	o	o	o
pauzy	pauza	SUBST	b-Condition	o	o
do	do	PREP	i-Condition	o	o
3.5s	3.5s	SUBST	i-Condition	o	o
)	)	INTERP	o	o	o
,	,	INTERP	o	o	o
powikłanie	powikłanie	SUBST	o	o	o
w	w	PREP	o	o	o
postaci	postać	SUBST	o	o	o
skrzepliny	skrzeplina	SUBST	b-Investigation_result	b-path_func	o
na	na	PREP	i-Investigation_result	o	o
elektrodzie	elektroda	SUBST	i-Investigation_result	b-manu_obje	o
(	(	INTERP	o	o	o
08.2014	08.2014	NUM	b-Date	o	o
)	)	INTERP	o	o	o
;	;	INTERP	o	o	o
w	w	PREP	o	o	o
TTE	tte	SUBST	b-Investigation	o	o
i	i	CONJ	o	o	o
TEE	tee	SUBST	b-Investigation	o	o
z	z	PREP	o	o	o
2015	2015	ADJ	b-Date	o	o
-	-	INTERP	o	o	o
BAV	bav	SUBST	b-Condition	o	o
,	,	INTERP	o	o	o
IA	ia	SUBST	b-Condition	o	o
III	iii	ADJ	i-Condition	o	o
st	stopień	BREV	i-Condition	o	o
,	,	INTERP	o	o	o
SA	sa	SUBST	b-Condition	o	o
łagodna	łagodny	ADJ	i-Condition	o	o
,	,	INTERP	o	o	o
powiększenie	powiększenie	GER	b-Condition	o	o
LP	lp	SUBST	i-Condition	o	o
(	(	INTERP	o	o	o
Dr	doktor	BREV	o	o	o
M.	m.	SUBST	o	o	o
Maciejewski	maciejewski	SUBST	o	o	o
)	)	INTERP	o	o	o
;	;	INTERP	o	o	o
		_SP	o	o	o
w	w	PREP	o	o	o
ekg	ekg	ADJ	b-Investigation	b-diag_proc	o
lewogram	lewogram	SUBST	b-Investigation_result	o	o
patologiczny	patologiczny	ADJ	i-Investigation_result	o	o
,	,	INTERP	o	o	o
LAH	lah	SUBST	b-Investigation_result	o	o
;	;	INTERP	o	o	o

w	w	PREP	o	o	o
Holterze	holter	SUBST	b-Investigation	o	o
EKG	ekg	SUBST	i-Investigation	b-diag_proc	o
z	z	PREP	o	o	o
09.2017	09.2017	SUBST	b-Date	o	o
85	85	NUM	b-Investigation_result	o	o
%	%	SUBST	i-Investigation_result	o	o
rytu	ryt	SUBST	i-Investigation_result	o	o
stymulacja	stymulacja	SUBST	i-Investigation_result	o	o
DDDR	dddr	SUBST	i-Investigation_result	o	o
ApVs	apvs	SUBST	i-Investigation_result	o	o
,	,	INTERP	o	o	o
15	15	NUM	b-Investigation_result	o	o
%	%	SUBST	i-Investigation_result	o	o
RS	rs	SUBST	i-Investigation_result	o	o
własny	własny	ADJ	i-Investigation_result	o	o
.	.	INTERP	o	o	o

ExV	exv	SUBST	b-Investigation_result	o	o
6/dobę	6/dobę	SUBST	i-Investigation_result	o	o
,	,	INTERP	o	o	o
ExSV	exsv	SUBST	b-Investigation_result	o	o
-	-	INTERP	i-Investigation_result	o	o
180/d	180/d	ADJ	i-Investigation_result	o	o
,	,	INTERP	o	o	o
3x	3x	SUBST	b-Investigation_result	o	o
salwy	salwa	SUBST	i-Investigation_result	o	o
po	po	PREP	i-Investigation_result	o	o
3-6	3-6	ADJ	i-Investigation_result	o	o
ExSV	exsv	SUBST	i-Investigation_result	o	o
z	z	PREP	i-Investigation_result	o	o
HR	hr	SUBST	i-Investigation_result	o	o
do	do	PREP	i-Investigation_result	o	o
150/min	150/min	SUBST	i-Investigation_result	o	o
;	;	INTERP	o	o	o
		_SP	o	o	o
przewlekłe	przewlekły	ADJ	b-Condition	o	o
zapalenie	zapalenie	SUBST	i-Condition	b-path_func	o
błony	błona	SUBST	i-Condition	o	o
śluzowej	śluzowy	ADJ	i-Condition	o	o
żołądka	żołądek	SUBST	i-Condition	b-body_part_orga_or_orga_comp	o
,	,	INTERP	o	o	o
osteoporoza	osteoporoza	SUBST	b-Condition	b-dise_or_synd	o
		_SP	o	o	o

Przebyte	przebyte	ADJ	b-Treatment	o	o
operacje	operacja	SUBST	i-Treatment	o	o
:	:	INTERP	o	o	o
stan	stan	SUBST	b-Treatment	o	o
po	po	PREP	i-Treatment	o	o
częściowej	częściowy	ADJ	i-Treatment	o	o
tyreoidektomii	tyreoidektomii	SUBST	i-Treatment	o	o
(	(	INTERP	o	o	o
2002	2002	NUM	b-Date	o	o
)	)	INTERP	o	o	o
;	;	INTERP	o	o	o
stan	stan	SUBST	b-Condition	o	o
po	po	PREP	i-Condition	o	o
krwotoku	krwotok	SUBST	i-Condition	b-path_func	o
do	do	PREP	i-Condition	o	o
jamy	jama	SUBST	i-Condition	b-body_loca_or_regi	o
brzusznej	brzuszny	ADJ	i-Condition	i-body_loca_or_regi	o
(	(	INTERP	o	o	o
30	30	NUM	b-Date	o	o
lat	rok	SUBST	i-Date	o	o
temu	temu	PREP	i-Date	o	o
-	-	INTERP	o	o	o
nieznana	znany	ADJ	b-Investigation_result	o	o
przyczyna	przyczyna	SUBST	i-Investigation_result	o	o
)	)	INTERP	o	o	o
		_SP	o	o	o

Wywiad	wywiad	SUBST	b-Condition	b-acti	o
rodzinny	rodzinny	ADJ	i-Condition	o	o
:	:	INTERP	o	o	o
bez	bez	PREP	b-Negation	b-plan	o
znaczenia	znaczenie	SUBST	i-Negation	o	o
		_SP	o	o	o
Alergie	alergia	SUBST	b-Condition	b-path_func	o
:	:	INTERP	o	o	o
neguje	negować	FIN	b-Negation	o	o
		_SP	o	o	o
Nikotynizm	nikotynizm	SUBST	b-Behaviour	b-ment_or_beha_dysf	o
:	:	INTERP	o	o	o
neguje	negować	FIN	b-Negation	o	o
		_SP	o	o	o
Alkohol	alkohol	SUBST	b-Behaviour	b-phar_subs	o
:	:	INTERP	i-Behaviour	o	o
okazjonalnie	okazjonalnie	ADV	i-Behaviour	o	o
,	,	INTERP	i-Behaviour	o	o
umiarkowanie	umiarkowanie	ADV	i-Behaviour	o	o
		_SP	o	o	o
Uzależnienie	uzależnienie	SUBST	b-Behaviour	o	o
inne	inny	ADJ	i-Behaviour	o	o
:	:	INTERP	o	o	o
neguje	negować	FIN	b-Negation	o	o
		_SP	o	o	o
Stan	Stana	SUBST	b-Behaviour	o	o
społeczny	społeczny	ADJ	i-Behaviour	o	o
:	:	INTERP	i-Behaviour	o	o
emerytura	emerytura	SUBST	i-Behaviour	b-quan_conc	o
,	,	INTERP	o	o	o
praca	praca	SUBST	b-Behaviour	b-occu_acti	o
umysłowa	umysłowy	ADJ	i-Behaviour	o	o
		_SP	o	o	o

Leki	lek	SUBST	b-Drug	b-phar_subs	o
:	:	INTERP	o	o	o
		_SP	o	o	o
Biosotal	biosotal	SUBST	b-Drug	o	b-medicine
80	80	NUM	b-Drug_dose	o	i-medicine
mg	miligram	BREV	i-Drug_dose	o	o
1	1	ADJ	i-Drug_dose	o	o
tabl	tabl	BREV	i-Drug_dose	o	o
.	.	INTERP	i-Drug_dose	o	o
rano	rano	ADV	i-Drug_dose	o	o
,	,	INTERP	i-Drug_dose	o	o
w	w	PREP	i-Drug_dose	o	o
południe	południe	SUBST	i-Drug_dose	o	o
i	i	CONJ	i-Drug_dose	o	o
wieczorem	wieczór	SUBST	i-Drug_dose	o	o
		_SP	o	o	o
Trifas	trifas	SUBST	b-Drug	o	o
Cor	Cora	SUBST	i-Drug	o	o
5	5	NUM	b-Drug_dose	o	o
mg	miligram	BREV	i-Drug_dose	o	o
1/2	1/2	SUBST	i-Drug_dose	o	o
tabl	tabl	BREV	i-Drug_dose	o	o
.	.	INTERP	i-Drug_dose	o	o

rano	rano	ADV	i-Drug_dose	o	o
		_SP	o	o	o
Acenokumarol	acenokumarol	SUBST	b-Drug	b-phar_subs	o
tabl	tabl	BREV	b-Drug_dose	o	o
.	.	INTERP	i-Drug_dose	o	o

4	4	NUM	i-Drug_dose	o	o
mg	miligram	BREV	i-Drug_dose	o	o
		_SP	i-Drug_dose	o	o
kontrola	kontrola	SUBST	i-Drug_dose	o	o
INR	inr	SUBST	i-Drug_dose	b-labo_proc	o
przed	przed	PREP	i-Drug_dose	o	o
4	4	NUM	i-Drug_dose	o	o
tygodniami	tydzień	SUBST	i-Drug_dose	o	o
(	(	INTERP	i-Drug_dose	o	o
2.4	2.4	NUM	i-Drug_dose	o	o
)	)	INTERP	i-Drug_dose	o	o
-	-	INTERP	i-Drug_dose	o	o
obecnie	obecnie	ADV	i-Drug_dose	o	o
wg	według	BREV	i-Drug_dose	o	o
schematu	schemat	SUBST	i-Drug_dose	o	o
4	4	NUM	i-Drug_dose	o	o
mg	miligram	BREV	i-Drug_dose	o	o
-	-	INTERP	i-Drug_dose	o	o
3	3	NUM	i-Drug_dose	o	o
mg	miligram	BREV	i-Drug_dose	o	o
		_SP	i-Drug_dose	o	o
Kaldyum	kaldyum	SUBST	b-Drug	o	b-medicine
1	1	ADJ	b-Drug_dose	o	o
tabl	tabl	BREV	i-Drug_dose	o	o
.	.	INTERP	i-Drug_dose	o	o

rano	rano	ADV	i-Drug_dose	o	o
		_SP	o	o	o
prep	prep	SUBST	b-Drug	o	o
.	.	INTERP	i-Drug	o	o
wapnia	wapń	SUBST	i-Drug	b-elem_ion_or_isot	o
-	-	INTERP	o	o	o
chora	chory	ADJ	b-Drug_dose	b-pati_or_disa_grou	o
nie	nie	QUB	i-Drug_dose	o	o
pamięta	pamiętać	FIN	i-Drug_dose	o	o
nazwy	nazwa	SUBST	i-Drug_dose	b-inte_prod	o
		_SP	o	o	o
Plan	plan	SUBST	b-Treatment	o	o
opieki	opieka	SUBST	i-Treatment	o	o
nad	nad	PREP	i-Treatment	b-biol_acti_subs	o
pacjentem	pacjent	SUBST	i-Treatment	b-pati_or_disa_grou	o
:	:	INTERP	o	o	o
echo	echo	SUBST	b-Investigation	o	o
serca	serce	SUBST	i-Investigation	b-body_part_orga_or_orga_comp	o
,	,	INTERP	o	o	o
TET	tet	SUBST	b-Investigation	o	o
,	,	INTERP	o	o	o
ABPM	abpm	SUBST	b-Investigation	o	o
,	,	INTERP	o	o	o
Holter	holter	SUBST	b-Investigation	o	o
ekg	ekg	SUBST	i-Investigation	b-diag_proc	o
,	,	INTERP	o	o	o
rtg	rtg	SUBST	b-Investigation	o	o
kl.	kl.	SUBST	i-Investigation	o	o
piersiowej	piersiowy	ADJ	i-Investigation	o	o
		_SP	o	o	o

Przewidywana	przewidywać	PPAS	o	o	o
liczba	liczba	SUBST	b-Treatment	o	o
dni	dzień	SUBST	i-Treatment	o	o
hospitalizacji	hospitalizacja	SUBST	i-Treatment	b-heal_care_acti	o
:	:	INTERP	i-Treatment	o	o
5-7	5-7	SUBST	i-Treatment	o	o
dni	dzień	SUBST	i-Treatment	o	o
		_SP	o	o	o
------------------------------------------------	------------------------------------------------	SUBST	o	o	o
		_SP	o	o	o

Wyniki	wynik	SUBST	o	o	o
badań	badanie	SUBST	o	o	o
		_SP	o	o	o
------------------------------------------------	------------------------------------------------	SUBST	o	o	o
		_SP	o	o	o

Morfologia	morfologia	SUBST	o	o	o
krwi	krew	SUBST	o	o	o
z	z	PREP	o	o	o
retikulocytami	retikulocytami	SUBST	o	o	o
-	-	INTERP	o	o	o
WBC	wbc	SUBST	o	o	o
Krwinki	krwinka	SUBST	o	b-cell	o
białe:4.35	białe:4.35	SUBST	o	o	o
[	[	INTERP	o	o	o
10^3/ul	10^3/ul	NUM	o	o	o
]	]	INTERP	o	o	o
		_SP	o	o	o

RBC	rbc	SUBST	o	o	o
Krwinki	krwinka	SUBST	o	b-cell	o
czerwone:4.07	czerwone:4.07	SUBST	o	o	o
[	[	INTERP	o	o	o
10^6/ul	10^6/ul	SUBST	o	o	o
]	]	INTERP	o	o	o
		_SP	o	o	o

HGB	hgb	SUBST	o	o	o
Hemoglobina:12.5	hemoglobina:12.5	SUBST	o	o	o
[	[	INTERP	o	o	o
g/dl	g/dl	SUBST	o	o	o
]	]	INTERP	o	o	o
		_SP	o	o	o

HCT	hct	SUBST	o	o	o
Hematokryt:36.7	hematokryt:36.7	SUBST	o	o	o
[	[	INTERP	o	o	o
%	%	SUBST	o	o	o
]	]	INTERP	o	o	o
		_SP	o	o	o

MCV	mcv	SUBST	o	o	o
wskaźnik	wskaźnik	SUBST	o	o	o
czerwonokrw:90.2	czerwonokrw:90.2	SUBST	o	o	o
[	[	INTERP	o	o	o
fl	fl	SUBST	o	o	o
]	]	INTERP	o	o	o
		_SP	o	o	o

MCH	mch	SUBST	o	o	o
wskaźnik	wskaźnik	SUBST	o	o	o
czerwonokrw:30.7	czerwonokrw:30.7	SUBST	o	o	o
[	[	INTERP	o	o	o
pg	pg	SUBST	o	o	o
]	]	INTERP	o	o	o
		_SP	o	o	o

MCHC	mchc	SUBST	o	o	o
wskaźnik	wskaźnik	SUBST	o	o	o
czerwonokr:34.1	czerwonokr:34.1	SUBST	o	o	o
[	[	INTERP	o	o	o
g/dl	g/dl	SUBST	o	o	o
]	]	INTERP	o	o	o
		_SP	o	o	o

PLT	plt	SUBST	o	o	o
z	z	PREP	o	o	o
morfologii:148	morfologii:148	SUBST	o	o	o
[	[	INTERP	o	o	o
10^3/ul	10^3/ul	NUM	o	o	o
]	]	INTERP	o	o	o
		_SP	o	o	o
RDW-SD:45.4	rdw-sd:45.4	SUBST	o	o	o
[	[	INTERP	o	o	o
fl	fl	SUBST	o	o	o
]	]	INTERP	o	o	o
		_SP	o	o	o
RDW-CV:13.6	rdw-cv:13.6	BREV	o	o	o
[	[	INTERP	o	o	o
%	%	SUBST	o	o	o
]	]	INTERP	o	o	o
		_SP	o	o	o

PDW:12.6	pdw:12.6	SUBST	o	o	o
[	[	INTERP	o	o	o
fl	fl	SUBST	o	o	o
]	]	INTERP	o	o	o
		_SP	o	o	o
MPV:10.7	mpv:10.7	SUBST	o	o	o
[	[	INTERP	o	o	o
fl	fl	SUBST	o	o	o
]	]	INTERP	o	o	o
		_SP	o	o	o

P-LCR:31.2	p-lcr:31.2	SUBST	o	o	o
[	[	INTERP	o	o	o
%	%	SUBST	o	o	o
]	]	INTERP	o	o	o
		_SP	o	o	o

PCT	pct	SUBST	o	o	o
(	(	INTERP	o	o	o
hematokryt	hematokryt	SUBST	o	b-labo_proc	o
płytkowy:0.16	płytkowy:0.16	SUBST	o	o	o
[	[	INTERP	o	o	o
%	%	SUBST	o	o	o
]	]	INTERP	o	o	o
		_SP	o	o	o

NEUTR	neutr	SUBST	o	o	o
#	#	INTERP	o	o	o
wartość	wartość	SUBST	o	o	o
bezwzględ:1.71	bezwzględ:1.71	SUBST	o	o	o
[	[	INTERP	o	o	o
10^3/ul	10^3/ul	NUM	o	o	o
]	]	INTERP	o	o	o
		_SP	o	o	o

NEUTR%:39.3	neutr%:39.3	SUBST	o	o	o
[	[	INTERP	o	o	o
%	%	SUBST	o	o	o
]	]	INTERP	o	o	o
		_SP	o	o	o

LYMH	lymh	SUBST	o	o	o
#	#	INTERP	o	o	o
wartość	wartość	SUBST	o	o	o
bezwzględn:2.16	bezwzględn:2.16	SUBST	o	o	o
[	[	INTERP	o	o	o
10^3/ul	10^3/ul	SUBST	o	o	o
]	]	INTERP	o	o	o
		_SP	o	o	o

LYMPH%:49.7	lymph%:49.7	SUBST	o	o	o
[	[	INTERP	o	o	o
%	%	SUBST	o	o	o
]	]	INTERP	o	o	o
		_SP	o	o	o

MONO	mona	SUBST	o	o	o
#	#	INTERP	o	o	o
wartość	wartość	SUBST	o	o	o
bezwzględn:0.41	bezwzględn:0.41	SUBST	o	o	o
[	[	INTERP	o	o	o
10^3/ul	10^3/ul	NUM	o	o	o
]	]	INTERP	o	o	o
		_SP	o	o	o

MONO%:9.4	mono%:9.4	SUBST	o	o	o
[	[	INTERP	o	o	o
%	%	SUBST	o	o	o
]	]	INTERP	o	o	o
		_SP	o	o	o

EO	eo	SUBST	o	o	o
#	#	INTERP	o	o	o
wartość	wartość	SUBST	o	o	o
bezwzględna:0.05	bezwzględna:0.05	SUBST	o	o	o
[	[	INTERP	o	o	o
10^3/ul	10^3/ul	SUBST	o	o	o
]	]	INTERP	o	o	o
		_SP	o	o	o

EO%:1.1	eo%:1.1	SUBST	o	o	o
[	[	INTERP	o	o	o
%	%	SUBST	o	o	o
]	]	INTERP	o	o	o
		_SP	o	o	o

BASO	baso	SUBST	o	o	o
#	#	INTERP	o	o	o
wartość	wartość	SUBST	o	o	o
bezwzględn:0.02	bezwzględn:0.02	SUBST	o	o	o
[	[	INTERP	o	o	o
10^3/ul	10^3/ul	SUBST	o	o	o
]	]	INTERP	o	o	o
		_SP	o	o	o
BASO%:0.5	baso%:0.5	SUBST	o	o	o
[	[	INTERP	o	o	o
%	%	SUBST	o	o	o
]	]	INTERP	o	o	o
		_SP	o	o	o

Retikulocyty	retikulocyty	SUBST	o	b-cell	o
(	(	INTERP	o	o	o
met	met	BREV	o	o	o
.	.	INTERP	o	o	o
autom:0.0594	autom:0.0594	SUBST	o	o	o
[	[	INTERP	o	o	o
10^6/ul	10^6/ul	SUBST	o	o	o
]	]	INTERP	o	o	o
		_SP	o	o	o

Retikulocyty	retikulocyty	SUBST	o	b-cell	o
(	(	INTERP	o	o	o
met	met	BREV	o	o	o
.	.	INTERP	o	o	o
autom:14.6	autom:14.6	SUBST	o	o	o
[	[	INTERP	o	o	o
promil	promil	SUBST	o	o	o
]	]	INTERP	o	o	o
		_SP	o	o	o

IRF:10.3	irf:10.3	SUBST	o	o	o
[	[	INTERP	o	o	o
%	%	SUBST	o	o	o
]	]	INTERP	o	o	o
		_SP	o	o	o

LFR:89.7	lfr:89.7	SUBST	o	o	o
[	[	INTERP	o	o	o
%	%	SUBST	o	o	o
]	]	INTERP	o	o	o
		_SP	o	o	o

MFR:9.5	mfr:9.5	SUBST	o	o	o
[	[	INTERP	o	o	o
%	%	SUBST	o	o	o
]	]	INTERP	o	o	o
		_SP	o	o	o

HFR:0.8	hfr:0.8	SUBST	o	o	o
[	[	INTERP	o	o	o
%	%	SUBST	o	o	o
]	]	INTERP	o	o	o
		_SP	o	o	o

RET-He	ret-he	SUBST	o	o	o
(	(	INTERP	o	o	o
HGB	hgb	SUBST	o	o	o
w	w	PREP	o	o	o
retikulocy:36.7	retikulocy:36.7	SUBST	o	o	o
[	[	INTERP	o	o	o
pg	pg	BREV	o	o	o
]	]	INTERP	o	o	o
		_SP	o	o	o
NRBC	nrbc	SUBST	o	o	o
#	#	INTERP	o	o	o
(	(	INTERP	o	o	o
Erytroblasty):0.00	erytroblasty):0.00	SUBST	o	o	o
[	[	INTERP	o	o	o
10^3/ul	10^3/ul	NUM	o	o	o
]	]	INTERP	o	o	o
		_SP	o	o	o

NRBC	nrbc	SUBST	o	o	o
%	%	SUBST	o	o	o
(	(	INTERP	o	o	o
Erytroblasty):0.0	erytroblasty):0.0	SUBST	o	o	o
[	[	INTERP	o	o	o
%	%	SUBST	o	o	o
]	]	INTERP	o	o	o
		_SP	o	o	o

Czas	czas	SUBST	o	b-labo_proc	o
protrombinowy	protrombinowy	ADJ	o	i-labo_proc	o
(	(	INTERP	o	o	o
PT	pt	SUBST	o	o	o
)	)	INTERP	o	o	o
-	-	INTERP	o	o	o
Czas	czas	SUBST	o	b-temp_conc	o
protrombinowy:27.4	protrombinowy:27.4	SUBST	o	o	o
[	[	INTERP	o	o	o
sek	sekunda	BREV	o	o	o
]	]	INTERP	o	o	o
		_SP	o	o	o

Wskaźnik	wskaźnik	SUBST	o	o	o
PT:40.1	pt:40.1	ADJ	o	o	o
[	[	INTERP	o	o	o
%	%	SUBST	o	o	o
]	]	INTERP	o	o	o
		_SP	o	o	o

D-dimer	d-dimer	SUBST	o	b-biol_acti_subs	o
-	-	INTERP	o	o	o
test	test	SUBST	o	o	o
ilościowy	ilościowy	ADJ	o	o	o
-	-	INTERP	o	o	o
D-dimer	d-dimer	SUBST	o	b-biol_acti_subs	o
-	-	INTERP	o	o	o
test	test	SUBST	o	o	o
ilościowy:173	ilościowy:173	BREV	o	o	o
[	[	INTERP	o	o	o
ng/ml	ng/ml	SUBST	o	o	o
]	]	INTERP	o	o	o
		_SP	o	o	o

Badanie	badan	SUBST	o	o	o
ogólne	ogólny	ADJ	o	o	o
moczu	mocz	SUBST	o	b-body_subs	o
-	-	INTERP	o	o	o
barwa	barwa	SUBST	o	b-qual_conc	o
:	:	INTERP	o	o	o
jasnozolty	jasnozolty	SUBST	o	o	o
[	[	INTERP	o	o	o
]	]	INTERP	o	o	o
		_SP	o	o	o

glukoza	glukoza	SUBST	o	b-biol_acti_subs	b-medicine
:	:	INTERP	o	o	o
nieobecna	obecny	ADJ	o	o	o
[	[	INTERP	o	o	o
]	]	INTERP	o	o	o
		_SP	o	o	o

przejrzystość	przejrzystość	SUBST	o	o	o
:	:	INTERP	o	o	o
zupelna	zupelna	ADJ	o	o	o
[	[	INTERP	o	o	o
]	]	INTERP	o	o	o
		_SP	o	o	o

bilirubina	bilirubina	SUBST	o	b-biol_acti_subs	o
:	:	INTERP	o	o	o
nieobecna	obecny	ADJ	o	o	o
[	[	INTERP	o	o	o
]	]	INTERP	o	o	o
		_SP	o	o	o

ciała	ciało	SUBST	o	b-biol_acti_subs	o
ketonowe	ketonowy	ADJ	o	i-biol_acti_subs	o
:	:	INTERP	o	o	o
nieobecne	obecny	ADJ	o	o	o
[	[	INTERP	o	o	o
mg/dl	mg/dl	SUBST	o	o	o
]	]	INTERP	o	o	o
		_SP	o	o	o

ciężar	ciężar	SUBST	o	o	o
właściwy:1.020	właściwy:1.020	ADJ	o	o	o
[	[	INTERP	o	o	o
]	]	INTERP	o	o	o
		_SP	o	o	o

kwas	kwas	SUBST	o	b-chem	o
askrobinowy	askrobinowy	ADJ	o	o	o
:	:	INTERP	o	o	o
nieobecny	nieobecny	ADJ	o	o	o
[	[	INTERP	o	o	o
]	]	INTERP	o	o	o
		_SP	o	o	o

pH:5.0	ph:5.0	INTERP	o	o	o
[	[	INTERP	o	o	o
]	]	INTERP	o	o	o
		_SP	o	o	o

białko	białka	SUBST	o	o	o
:	:	INTERP	o	o	o
nieobecne	obecny	ADJ	o	o	o
[	[	INTERP	o	o	o
]	]	INTERP	o	o	o
		_SP	o	o	o

urobilinogen	urobilinogen	SUBST	o	b-biol_acti_subs	o
:	:	INTERP	o	o	o
niewzmozony	niewzmozony	PPAS	o	o	o
[	[	INTERP	o	o	o
]	]	INTERP	o	o	o
		_SP	o	o	o

azotyny	azotyn	SUBST	o	b-chem_view_stru	o
:	:	INTERP	o	o	o
nieobecne	obecny	ADJ	o	o	o
[	[	INTERP	o	o	o
]	]	INTERP	o	o	o
		_SP	o	o	o

erytrocyty	erytrocyt	SUBST	o	b-cell	o
:	:	INTERP	o	o	o
nieobecna	obecny	ADJ	o	o	o
[	[	INTERP	o	o	o
]	]	INTERP	o	o	o
		_SP	o	o	o

leukocyty	leukocyt	SUBST	o	b-cell	o
:	:	INTERP	o	o	o
nieobecne	obecny	ADJ	o	o	o
[	[	INTERP	o	o	o
]	]	INTERP	o	o	o
		_SP	o	o	o

OSAD	osada	SUBST	o	o	o
MOCZU	mocz	SUBST	o	b-body_subs	o
:	:	INTERP	o	o	o
AUTOMATYCZNY	automatyczny	SUBST	o	o	o
[	[	INTERP	o	o	o
]	]	INTERP	o	o	o
		_SP	o	o	o

nabłonki	nabłonek	SUBST	o	b-tiss	o
płaskie	płaski	ADJ	o	o	o
:	:	INTERP	o	o	o
nieliczne	liczny	ADJ	o	o	o
[	[	INTERP	o	o	o
w	w	PREP	o	o	o
preparacie	preparat	SUBST	o	o	o
]	]	INTERP	o	o	o
		_SP	o	o	o

leukocyty:10	leukocyty:10	SUBST	o	o	o
/ul	/ul	SUBST	o	o	o
[	[	INTERP	o	o	o
ul	ulica	BREV	o	o	o
]	]	INTERP	o	o	o
		_SP	o	o	o
erytrocyty	erytrocyt	SUBST	o	b-cell	o
świeże:2	świeże:2	SUBST	o	o	o
/ul	/ul	SUBST	o	o	o
[	[	INTERP	o	o	o
ul	ulica	BREV	o	o	o
]	]	INTERP	o	o	o
		_SP	o	o	o
śluz	śluza	SUBST	o	b-body_subs	o
:	:	INTERP	o	o	o
nieliczny	nieliczny	ADJ	o	o	o
[	[	INTERP	o	o	o
w	w	PREP	o	o	o
preparacie	preparat	SUBST	o	o	o
]	]	INTERP	o	o	o
		_SP	o	o	o

bakterie	bakteria	SUBST	o	b-bact	o
:	:	INTERP	o	o	o
pojedyncze	pojedynczy	ADJ	o	o	o
[	[	INTERP	o	o	o
w	w	PREP	o	o	o
preparacie	preparat	SUBST	o	o	o
]	]	INTERP	o	o	o
		_SP	o	o	o

Troponina	troponina	SUBST	o	b-biol_acti_subs	o
T	t	SUBST	o	o	o
-	-	INTERP	o	o	o
Troponina	troponina	SUBST	o	b-biol_acti_subs	o
T:3.0	t:3.0	SUBST	o	o	o
[	[	INTERP	o	o	o
pg/ml	pg/ml	SUBST	o	o	o
]	]	INTERP	o	o	o
		_SP	o	o	o

TSH	tsh	SUBST	o	b-horm	o
-	-	INTERP	o	o	o
TSH:0.86	tsh:0.86	SUBST	o	o	o
[	[	INTERP	o	o	o
uIU/ml	uiu/ml	SUBST	o	o	o
]	]	INTERP	o	o	o
		_SP	o	o	o

FT3	ft3	SUBST	o	o	o
-	-	INTERP	o	o	o
FT3:3.10	ft3:3.10	SUBST	o	o	o
[	[	INTERP	o	o	o
pg/ml	pg/ml	SUBST	o	o	o
]	]	INTERP	o	o	o
		_SP	o	o	o

FT4	ft4	SUBST	o	o	o
-	-	INTERP	o	o	o
FT4:1.05	ft4:1.05	SUBST	o	o	o
[	[	INTERP	o	o	o
ng/dl	ng/dl	SUBST	o	o	o
]	]	INTERP	o	o	o
		_SP	o	o	o

NT-proBNP	nt-probnp	NUM	o	o	o
-	-	INTERP	o	o	o
NT-proBNP:723.0	nt-probnp:723.0	BREV	o	o	o
[	[	INTERP	o	o	o
pg/ml	pg/ml	SUBST	o	o	o
]	]	INTERP	o	o	o
		_SP	o	o	o

ALAT	alat	SUBST	o	b-enzy	o
-	-	INTERP	o	o	o
ALAT:28	alat:28	SUBST	o	o	o
[	[	INTERP	o	o	o
U/L	u/l	SUBST	o	o	o
]	]	INTERP	o	o	o
		_SP	o	o	o
ASPAT	aspat	SUBST	o	b-enzy	o
-	-	INTERP	o	o	o
ASPAT:23	aspat:23	SUBST	o	o	o
[	[	INTERP	o	o	o
U/L	u/l	SUBST	o	o	o
]	]	INTERP	o	o	o
		_SP	o	o	o

Cholesterol	cholesterol	SUBST	o	b-biol_acti_subs	o
całkowity	całkowity	ADJ	o	o	o
-	-	INTERP	o	o	o
Cholesterol	cholesterol	SUBST	o	b-biol_acti_subs	o
całkowity:183	całkowity:183	BREV	o	o	o
[	[	INTERP	o	o	o
mg/dl	mg/dl	SUBST	o	o	o
]	]	INTERP	o	o	o
		_SP	o	o	o

Cholesterol	cholesterol	SUBST	o	b-biol_acti_subs	o
HDL	hdl	SUBST	o	b-biol_acti_subs	o
-	-	INTERP	o	o	o
Cholesterol	cholesterol	SUBST	o	b-biol_acti_subs	o
HDL:51	hdl:51	SUBST	o	o	o
[	[	INTERP	o	o	o
mg/dl	mg/dl	SUBST	o	o	o
]	]	INTERP	o	o	o
		_SP	o	o	o

CRP	crp	SUBST	o	b-immu_fact	o
Białko	białka	SUBST	o	b-immu_fact	o
C-reaktywne	c-reaktywne	SUBST	o	i-immu_fact	o
-	-	INTERP	o	o	o
CRP	crp	SUBST	o	b-immu_fact	o
Białko	białka	SUBST	o	o	o
C-reaktywne:<0.50	c-reaktywne:<0.50	SUBST	o	o	o
[	[	INTERP	o	o	o
mg/dl	mg/dl	SUBST	o	o	o
]	]	INTERP	o	o	o
		_SP	o	o	o

Sód	soda	SUBST	o	b-elem_ion_or_isot	o
(	(	INTERP	o	o	o
Na	na	PREP	o	o	o
)	)	INTERP	o	o	o
-	-	INTERP	o	o	o
Sód:146	sód:146	SUBST	o	o	o
[	[	INTERP	o	o	o
mmol/L	mmol/l	SUBST	o	o	o
]	]	INTERP	o	o	o
		_SP	o	o	o

Potas	potas	SUBST	o	b-elem_ion_or_isot	o
(	(	INTERP	o	o	o
K	k	SUBST	o	o	o
)	)	INTERP	o	o	o
-	-	INTERP	o	o	o
Potas:4.7	potas:4.7	SUBST	o	o	o
[	[	INTERP	o	o	o
mmol/L	mmol/l	SUBST	o	o	o
]	]	INTERP	o	o	o
		_SP	o	o	o

Kreatynina	kreatynina	SUBST	o	b-biol_acti_subs	o
+	+	INTERP	o	o	o
GFR	gfr	SUBST	o	b-diag_proc	o
-	-	INTERP	o	o	o
Kreatynina	kreatynina	SUBST	o	b-biol_acti_subs	o
w	w	PREP	o	o	o
surowicy:0.71	surowicy:0.71	SUBST	o	o	o
[	[	INTERP	o	o	o
mg/dl	mg/dl	SUBST	o	o	o
]	]	INTERP	o	o	o
		_SP	o	o	o

eGFR	egfr	SUBST	o	o	o
wg	według	BREV	o	o	o
BIS1:82.2	bis1:82.2	SUBST	o	o	o
[	[	INTERP	o	o	o
ml/min/1,73	ml/min/1,73	SUBST	o	o	o
m^2	m^2	BREV	o	o	o
]	]	INTERP	o	o	o
		_SP	o	o	o

Mocznik	mocznik	SUBST	o	b-biol_acti_subs	o
-	-	INTERP	o	o	o
Mocznik:47	mocznik:47	SUBST	o	o	o
[	[	INTERP	o	o	o
mg/dl	mg/dl	SUBST	o	o	o
]	]	INTERP	o	o	o
		_SP	o	o	o

Triglicerydy	trigliceryd	SUBST	o	b-biol_acti_subs	o
-	-	INTERP	o	o	o
Triglicerydy:90	triglicerydy:90	SUBST	o	o	o
[	[	INTERP	o	o	o
mg/dl	mg/dl	SUBST	o	o	o
]	]	INTERP	o	o	o
		_SP	o	o	o

Kwas	kwas	SUBST	o	b-biol_acti_subs	o
moczowy	moczowy	ADJ	o	i-biol_acti_subs	o
-	-	INTERP	o	o	o
Kwas	kwas	SUBST	o	b-chem	o
moczowy:3.3	moczowy:3.3	SUBST	o	o	o
[	[	INTERP	o	o	o
mg/dl	mg/dl	SUBST	o	o	o
]	]	INTERP	o	o	o
		_SP	o	o	o

Cholesterol	cholesterol	SUBST	o	b-biol_acti_subs	o
LDL	ldl	SUBST	o	b-biol_acti_subs	o
(	(	INTERP	o	o	o
wyliczany	wyliczać	PPAS	o	o	o
)	)	INTERP	o	o	o

-	-	INTERP	o	o	o
Cholesterol	cholesterol	SUBST	o	b-biol_acti_subs	o
LDL:114.0	ldl:114.0	SUBST	o	o	o
[	[	INTERP	o	o	o
mg/dl	mg/dl	SUBST	o	o	o
]	]	INTERP	o	o	o
		_SP	o	o	o
------------------------------------------------	------------------------------------------------	SUBST	o	o	o
		_SP	o	o	o

Rozpoznanie	rozpoznanie	SUBST	o	b-diag_proc	o
lek.	lek.	INTERP	o	o	o
przyjm	przyjm	IMPT	o	o	o
.	.	INTERP	o	o	o
		_SP	o	o	o

------------------------------------------------	------------------------------------------------	SUBST	o	o	o
		_SP	o	o	o

Rozpozanie	rozpozanie	SUBST	o	o	o
I	i	ADJ	o	o	o
:	:	INTERP	o	o	o
		_SP	o	o	o
Rozpoznanie	rozpoznanie	SUBST	o	b-diag_proc	o
II	ii	ADJ	o	o	o
:	:	INTERP	o	o	o
		_SP	o	o	o
Rozpoznanie	rozpoznanie	SUBST	o	b-diag_proc	o
IV	iv	ADJ	o	o	o
:	:	INTERP	o	o	o
		_SP	o	o	o

Rozpoznanie	rozpoznanie	SUBST	o	b-diag_proc	o
V	verte	BREV	o	o	o
:	:	INTERP	o	o	o
		_SP	o	o	o
Rozpoznanie	rozpoznanie	SUBST	o	b-diag_proc	o
III	iii	ADJ	o	o	o
:	:	INTERP	o	o	o
		_SP	o	o	o
Opisowo	opisowo	SUBST	o	o	o
:	:	INTERP	o	o	o
:	:	INTERP	o	o	o
Wada	wada	SUBST	b-Condition	o	o
serca	serce	SUBST	i-Condition	b-body_part_orga_or_orga_comp	o
pod	pod	PREP	i-Condition	o	o
postacią	postać	SUBST	i-Condition	o	o
niedomykalności	niedomykalność	SUBST	i-Condition	o	o
dwupłatkowej	dwupłatkowy	ADJ	i-Condition	o	o
zastawki	zastawka	SUBST	i-Condition	o	o
aortalnej	aortalny	ADJ	i-Condition	o	o
II	ii	ADJ	i-Condition	o	o
st.	st.	FIN	i-Condition	o	o
IM	on	PPRON3	b-Condition	o	o
Ist	ist	SUBST	i-Condition	o	o
,	,	INTERP	o	o	o
IT	it	SUBST	b-Condition	o	o
Ist	ist	SUBST	i-Condition	o	o
z	z	PREP	o	o	o
SPAP-	spap-	SUBST	b-Investigation_result	o	o
37mmHg	37mmhg	SUBST	i-Investigation_result	o	o
.	.	INTERP	o	o	o
		_SP	o	o	o
PFO	pfo	SUBST	b-Condition	o	o
(	(	INTERP	o	o	o
kanał	kanał	SUBST	b-Investigation_result	o	o
długości	długość	SUBST	i-Investigation_result	o	o
9	9	NUM	i-Investigation_result	o	o
mm	milimetr	BREV	i-Investigation_result	o	o
,	,	INTERP	o	o	o
ze	z	PREP	b-Investigation_result	o	o
stałym	stały	ADJ	i-Investigation_result	o	o
L-P	l-p	SUBST	i-Investigation_result	o	o
przeciekiem	przeciek	SUBST	i-Investigation_result	o	o
w	w	PREP	i-Investigation_result	o	o
warunkach	warunki	SUBST	i-Investigation_result	o	o
podstawowych	podstawowy	ADJ	i-Investigation_result	o	o
i	i	CONJ	o	o	o
P-L	p-l	PREP	b-Investigation_result	o	o
przeciekiem	przeciek	GER	i-Investigation_result	o	o
podczas	podczas	PREP	i-Investigation_result	o	o
manewru	manewr	SUBST	i-Investigation_result	o	o
Valsalvy	valsalvy	SUBST	i-Investigation_result	o	o
)	)	INTERP	o	o	o
.	.	INTERP	o	o	o

Zaostrzenie	zaostrzenie	GER	b-Condition	o	o
przewlekłej	przewlekły	ADJ	i-Condition	o	o
niewydolności	niewydolność	SUBST	i-Condition	o	o
serca	serce	SUBST	i-Condition	b-body_part_orga_or_orga_comp	o
z	z	PREP	o	o	o
zachowaną	zachować	PPAS	b-Investigation_result	o	o
EF	ef	SUBST	i-Investigation_result	o	o
do	do	PREP	o	o	o
		_SP	o	o	o
III	iii	ADJ	b-Investigation_result	o	o
klasy	klasa	SUBST	i-Investigation_result	o	o
wg	według	BREV	i-Investigation_result	o	o
NYHA	nyha	SUBST	i-Investigation_result	o	o
.	.	INTERP	o	o	o

Stan	Stana	SUBST	b-Condition	o	o
po	po	PREP	i-Condition	o	o
implantacji	implantacja	SUBST	i-Condition	o	o
kardiostymulatora	kardiostymulator	SUBST	i-Condition	b-medi_devi	o
dwujamowego	dwujamowego	ADJ	i-Condition	o	o
(	(	INTERP	o	o	o
07.2014	07.2014	SUBST	o	o	o
)	)	INTERP	o	o	o
z	z	PREP	o	o	o
powodu	powód	SUBST	o	o	o
BTS	bts	SUBST	b-Condition	o	o
(	(	INTERP	o	o	o
napadowe	napadowy	ADJ	b-Condition	o	o
AF/AFl	af/afl	SUBST	i-Condition	o	o
+	+	INTERP	o	o	o
pauzy	pauza	SUBST	b-Condition	o	o
do	do	PREP	i-Condition	o	o
3.5s	3.5s	SUBST	i-Condition	o	o
)	)	INTERP	o	o	o
.	.	INTERP	o	o	o

Skrzeplina	skrzeplina	SUBST	b-Condition	b-path_func	o
na	na	PREP	i-Condition	o	o
elektrodzie	elektroda	SUBST	i-Condition	b-manu_obje	o
(	(	INTERP	o	o	o
08.2014	08.2014	NUM	o	o	o
)	)	INTERP	o	o	o
.	.	INTERP	o	o	o

LAH	lah	SUBST	b-Condition	o	o
.	.	INTERP	o	o	o

Hipercholesterolemia	hipercholesterolemia	SUBST	b-Condition	b-dise_or_synd	o
.	.	INTERP	o	o	o

Stan	Stana	SUBST	b-Condition	o	o
po	po	PREP	i-Condition	o	o
zapaleniu	zapalenie	GER	i-Condition	o	o
płuc	płuco	SUBST	i-Condition	b-body_part_orga_or_orga_comp	o
lecz	lecz	CONJ	o	o	o
.	.	INTERP	o	o	o

Ceftriaksonem	ceftriaksonem	SUBST	b-Treatment	o	o
.	.	INTERP	o	o	o

-	-	INTERP	o	o	o
02.2018	02.2018	NUM	b-Date	o	o
.	.	INTERP	o	o	o
		_SP	o	o	o

Stan	Stana	SUBST	b-Condition	o	o
po	po	PREP	i-Condition	o	o
		_SP	i-Condition	o	o
zakaż	zakaż	SUBST	i-Condition	o	o
.	.	INTERP	i-Condition	o	o

Cl	cl	BREV	i-Condition	o	o
.	.	INTERP	i-Condition	o	o
difficile	difficile	SUBST	i-Condition	o	o
-	-	INTERP	o	o	o
02.2018	02.2018	NUM	b-Date	o	o
.	.	INTERP	o	o	o

Przewlekłe	przewlekły	ADJ	b-Condition	o	o
zapalenie	zapalenie	SUBST	i-Condition	b-path_func	o
błony	błona	SUBST	i-Condition	o	o
śluzowej	śluzowy	ADJ	i-Condition	o	o
żołądka	żołądek	SUBST	i-Condition	b-body_part_orga_or_orga_comp	o
.	.	INTERP	o	o	o

Osteoporoza	osteoporoza	SUBST	b-Condition	b-dise_or_synd	o
.	.	INTERP	o	o	o

Stan	Stana	SUBST	b-Treatment	o	o
po	po	PREP	i-Treatment	o	o
częściowej	częściowy	ADJ	i-Treatment	o	o
tyreoidektomii	tyreoidektomii	SUBST	i-Treatment	o	o
(	(	INTERP	b-Date	o	o
2002	2002	NUM	i-Date	o	o
)	)	INTERP	o	o	o
.	.	INTERP	o	o	o

Stan	Stana	SUBST	b-Condition	o	o
po	po	PREP	i-Condition	o	o
krwotoku	krwotok	SUBST	i-Condition	b-path_func	o
do	do	PREP	i-Condition	o	o
jamy	jama	SUBST	i-Condition	b-body_loca_or_regi	o
brzusznej	brzuszny	ADJ	i-Condition	i-body_loca_or_regi	o
(	(	INTERP	o	o	o
30	30	NUM	b-Date	o	o
lat	rok	SUBST	i-Date	o	o
temu	temu	PREP	i-Date	o	o
-	-	INTERP	o	o	o
nieznana	znany	ADJ	b-Investigation_result	o	o
przyczyna	przyczyna	SUBST	i-Investigation_result	o	o
)	)	INTERP	o	o	o
.	.	INTERP	o	o	o
		_SP	o	o	o

------------------------------------------------	------------------------------------------------	SUBST	o	o	o
		_SP	o	o	o

Badania	badanie	SUBST	o	b-diag_proc	o
diagnostyczne	diagnostyczny	ADJ	o	i-diag_proc	o
		_SP	o	o	o
------------------------------------------------	------------------------------------------------	SUBST	o	o	o
		_SP	o	o	o

Zdjęcie	zdjęcie	SUBST	b-Investigation	o	o
klatki	klatka	SUBST	i-Investigation	b-body_loca_or_regi	o
piersiowej	piersiowy	ADJ	i-Investigation	i-body_loca_or_regi	o
w	w	PREP	i-Investigation	o	o
2	2	NUM	i-Investigation	o	o
projekcjach	projekcja	SUBST	i-Investigation	o	o
:	:	INTERP	o	o	o
Pola	pole	SUBST	b-Investigation_result	o	o
płucne	płucny	ADJ	i-Investigation_result	o	o
bez	bez	PREP	i-Investigation_result	b-plan	o
widocznych	widoczny	ADJ	i-Investigation_result	o	o
zmian	zmiana	SUBST	i-Investigation_result	o	o
ogniskowych	ogniskowy	ADJ	i-Investigation_result	o	o
.	.	INTERP	o	o	o
		_SP	o	o	o

Sylwetka	sylwetka	SUBST	b-Investigation_result	o	o
serca	serce	SUBST	i-Investigation_result	b-body_part_orga_or_orga_comp	o
prawidłowa	prawidłowy	ADJ	i-Investigation_result	o	o
,	,	INTERP	o	o	o
serce	serce	SUBST	b-Investigation_result	b-body_part_orga_or_orga_comp	o
rozmiarem	rozmiar	SUBST	i-Investigation_result	o	o
w	w	PREP	i-Investigation_result	o	o
normie	norma	SUBST	i-Investigation_result	b-quan_conc	o
.	.	INTERP	o	o	o
		_SP	o	o	o

Przepona	przepona	SUBST	b-Investigation_result	b-body_part_orga_or_orga_comp	o
gładka	gładki	ADJ	i-Investigation_result	o	o
,	,	INTERP	o	o	o
kąty	kąt	SUBST	b-Investigation_result	o	o
żebrowo-przeponowe	żebrowo-przeponowe	ADJ	i-Investigation_result	o	o
wolne	wolny	ADJ	i-Investigation_result	o	o
.	.	INTERP	o	o	o
		_SP	o	o	o

Obwodowo	obwodowo	SUBST	b-Investigation_result	o	o
w	w	PREP	i-Investigation_result	o	o
rzucie	rzut	SUBST	i-Investigation_result	o	o
płuca	płuco	SUBST	i-Investigation_result	b-body_part_orga_or_orga_comp	o
lewego	lewy	ADJ	i-Investigation_result	o	o
cień	cień	SUBST	i-Investigation_result	o	o
kardiostymulatora	kardiostymulator	SUBST	i-Investigation_result	b-medi_devi	o
,	,	INTERP	o	o	o
wychodzące	wychodzić	PACT	b-Investigation_result	o	o
elektrody	elektroda	SUBST	i-Investigation_result	b-manu_obje	o
o	o	PREP	i-Investigation_result	o	o
zachowanej	zachować	PPAS	i-Investigation_result	o	o
ciągłości	ciągłość	SUBST	i-Investigation_result	o	o
.	.	INTERP	o	o	o
		_SP	o	o	o

Echokardiografia	echokardiografia	SUBST	o	b-diag_proc	o
:	:	INTERP	o	o	o
WYNIK	wynik	SUBST	b-Investigation	o	o
ECHOKARDIOGRAFICZNEGO	echokardiograficznego	ADJ	i-Investigation	o	o
BADANIA	badanie	SUBST	i-Investigation	o	o
TTE	tte	SUBST	i-Investigation	o	o
(	(	INTERP	o	o	o
KLASYCZNE	klasyczne	SUBST	o	o	o
)	)	INTERP	o	o	o
05.07.2018	05.07.2018	SUBST	o	o	o
		_SP	o	o	o
Pani/Pan	pani/pan	SUBST	o	o	o
Maciejewska	maciejewska	SUBST	o	o	o
Stansława	stansława	SUBST	o	o	o
		_SP	o	o	o

Waga	waga	SUBST	o	o	o
65	65	NUM	o	o	o
kg	kilogram	BREV	o	o	o
Wzrost	wzrost	SUBST	o	b-orga_attr	o
162	162	NUM	o	o	o
cm	centymetr	BREV	o	o	o
BSA	bsa	SUBST	o	o	o
1,69	1,69	NUM	o	o	o
m2	m2	BREV	o	o	o
		_SP	o	o	o
Wymiary	wymiar	SUBST	o	o	o
TM	tm	SUBST	o	o	o
		_SP	o	o	o
LVID	lvid	SUBST	o	o	o
d/s	d/s	BREV	o	o	o
50/36	50/36	NUM	o	o	o
mm	milimetr	BREV	o	o	o
IVS	ivs	SUBST	o	o	o
ds.12/16	ds.12/16	ADJ	o	o	o
mm	milimetr	BREV	o	o	o
		_SP	o	o	o

RVOT	rvot	SUBST	o	o	o
D	dzień	BREV	o	o	o
28	28	NUM	o	o	o
mm	milimetr	BREV	o	o	o
LVPW	lvpw	SUBST	o	o	o
d/s11/15	d/s11/15	SUBST	o	o	o
mm	milimetr	BREV	o	o	o
		_SP	o	o	o
TM	tm	SUBST	o	o	o
LP	lp	SUBST	o	o	o
36	36	NUM	o	o	o
mm	milimetr	BREV	o	o	o
,	,	INTERP	o	o	o
LAV	lav	SUBST	o	o	o
16,6cm2	16,6cm2	SUBST	o	o	o
,	,	INTERP	o	o	o
44	44	NUM	o	o	o
ml	mililitr	BREV	o	o	o
,	,	INTERP	o	o	o
RAV	rav	SUBST	o	o	o
17,6cm2	17,6cm2	SUBST	o	o	o
,	,	INTERP	o	o	o
51	51	NUM	o	o	o
ml	mililitr	BREV	o	o	o
		_SP	o	o	o
Aorta	aorta	SUBST	o	b-body_part_orga_or_orga_comp	o
:	:	INTERP	o	o	o
część	część	SUBST	o	o	o
wstępująca	wstępować	PACT	o	o	o
42	42	NUM	o	o	o
mm	milimetr	BREV	o	o	o
		_SP	o	o	o

Zastawka	Zastawek	SUBST	o	b-body_part_orga_or_orga_comp	o
mitralna	mitralny	ADJ	o	i-body_part_orga_or_orga_comp	o
–	–	INTERP	o	o	o
zwapnienia	zwapnienie	SUBST	o	b-path_func	o
w	w	PREP	o	o	o
pierścieniu	pierścień	SUBST	o	o	o
fala	fala	SUBST	o	o	o
zw.	zw.	PRAET	o	o	o
/I	/i	SUBST	o	o	o
st/	st/	SUBST	o	o	o
		_SP	o	o	o

V	v	ADJ	o	o	o
max	max	SUBST	o	o	o
71/75	71/75	NUM	o	o	o
cm/s	cm/s	SUBST	o	o	o
Dec	dec	SUBST	o	o	o
280ms	280ms	SUBST	o	o	o
		_SP	o	o	o
TDE	tde	SUBST	o	o	o
:	:	INTERP	o	o	o
E	e	SUBST	o	o	o
’	’	INTERP	o	o	o
:	:	INTERP	o	o	o
septal	septal	SUBST	o	o	o
7	7	NUM	o	o	o
cm/s	cm/s	SUBST	o	o	o
;	;	INTERP	o	o	o
lateral	lateral	SUBST	o	o	o
9	9	NUM	o	o	o
cm/s	cm/s	SUBST	o	o	o
		_SP	o	o	o

Zastawka	Zastawek	SUBST	o	b-body_part_orga_or_orga_comp	o
aortalna	aortalny	ADJ	o	i-body_part_orga_or_orga_comp	o
–	–	INTERP	o	o	o
BAV	bav	SUBST	o	o	o
?	?	INTERP	o	o	o
,	,	INTERP	o	o	o
zwłóknienia	zwłóknienie	SUBST	o	b-path_func	o
i	i	CONJ	o	o	o
zwapnienia	zwapnienie	SUBST	o	b-path_func	o
płatków	płatek	SUBST	o	o	o
fala	fala	SUBST	o	o	o
zw.	zw.	ADJ	o	o	o
/IIst/IIIst/	/iist/iiist/	SUBST	o	o	o
PHT	pht	SUBST	o	o	o
369ms-	369ms-	NUM	o	o	o
wskazana	wskazać	PPAS	o	o	o
ocena	ocena	SUBST	o	o	o
w	w	PREP	o	o	o
badaniu	badanie	SUBST	o	o	o
TEE	tee	SUBST	o	o	o
		_SP	o	o	o
V	v	ADJ	o	o	o
max	max	SUBST	o	o	o
203	203	NUM	o	o	o
cm/s	cm/s	SUBST	o	o	o
,	,	INTERP	o	o	o
grad	grad	SUBST	o	b-natu_phen_or_proc	o
max	max	SUBST	o	o	o
16,4mmHg	16,4mmhg	SUBST	o	o	o
,	,	INTERP	o	o	o
śr	śr	BREV	o	o	o
8,9mmHg	8,9mmhg	NUM	o	o	o
		_SP	o	o	o

Zastawka	Zastawek	SUBST	o	b-body_part_orga_or_orga_comp	o
trójdzielna	trójdzielny	ADJ	o	i-body_part_orga_or_orga_comp	o
–	–	INTERP	o	o	o
bez	bez	PREP	o	b-plan	o
zmian	zmiana	SUBST	o	o	o
,	,	INTERP	o	o	o
fala	fala	SUBST	o	o	o
zw.	zw.	PRAET	o	o	o
/Ist/	/ist/	INTERP	o	o	o
		_SP	o	o	o
V	v	SUBST	o	o	o
max	max	SUBST	o	o	o
58	58	NUM	o	o	o
cm/s	cm/s	SUBST	o	o	o
,	,	INTERP	o	o	o
VIT	vit	SUBST	o	o	o
–	–	INTERP	o	o	o
2,71	2,71	NUM	o	o	o
m/s	motor_ship	BREV	o	o	o
z	z	PREP	o	o	o
gradientem	gradient	SUBST	o	o	o
37	37	NUM	o	o	o
mmHg	mmhg	BREV	o	o	o
		_SP	o	o	o
żyła	żyć	PRAET	o	o	o
główna	główny	ADJ	o	o	o
dolna	dolny	ADJ	o	o	o
15/11	15/11	NUM	o	o	o
mm	milimetr	BREV	o	o	o
		_SP	o	o	o

Zastawka	Zastawek	SUBST	o	o	o
tętnicy	tętnica	SUBST	o	b-body_part_orga_or_orga_comp	o
płucnej	płucny	ADJ	o	o	o
–	–	INTERP	o	o	o
fala	fala	SUBST	o	o	o
zw.	zw.	ADJ	o	o	o
/ślad/	/ślad/	NUM	o	o	o
		_SP	o	o	o
V	v	ADJ	o	o	o
max	max	SUBST	o	o	o
71	71	NUM	o	o	o
cm/s	cm/s	SUBST	o	o	o
,	,	INTERP	o	o	o
AcT	act	SUBST	o	b-ther_or_prev_proc	o
120	120	NUM	o	o	o
ms	ms	BREV	o	o	o
		_SP	o	o	o
Osierdzie	Osierda	SUBST	o	o	o
–	–	INTERP	o	o	o
bez	bez	PREP	o	b-plan	o
zmian	zmiana	SUBST	o	o	o
		_SP	o	o	o
Kurczliwość	kurczliwość	SUBST	o	o	o
ścian	ściana	SUBST	o	o	o
LK	lk	SUBST	o	o	o
:	:	INTERP	o	o	o
-	-	INTERP	o	o	o
prawidłowa	prawidłowy	ADJ	o	o	o
		_SP	o	o	o

EDV	edv	SUBST	o	o	o
112	112	NUM	o	o	o
cm3	cm3	BREV	o	o	o
,	,	INTERP	o	o	o
ESV	esv	SUBST	o	o	o
42	42	NUM	o	o	o
cm3	cm3	BREV	o	o	o
,	,	INTERP	o	o	o
EF	ef	SUBST	o	o	o
63	63	NUM	o	o	o
%	%	SUBST	o	o	o
		_SP	o	o	o

Kurczliwość	kurczliwość	SUBST	o	o	o
PK	pk	SUBST	o	o	o
:	:	INTERP	o	o	o
TAPSE	tapse	SUBST	o	o	o
21	21	NUM	o	o	o
mm	milimetr	BREV	o	o	o
,	,	INTERP	o	o	o
s	syn	BREV	o	o	o
'	'	INTERP	o	o	o
16cm/s	16cm/s	SUBST	o	o	o
		_SP	o	o	o
WNIOSEK	wniosek	SUBST	o	o	o
:	:	INTERP	o	o	o
Złożona	złożyć	PPAS	b-Investigation_result	o	o
wada	wada	SUBST	i-Investigation_result	o	o
serca	serce	SUBST	i-Investigation_result	b-body_part_orga_or_orga_comp	o
pod	pod	PREP	i-Investigation_result	o	o
postacią	postać	SUBST	i-Investigation_result	o	o
umiarkowanej	umiarkowany	ADJ	i-Investigation_result	o	o
niedomykalności	niedomykalność	SUBST	i-Investigation_result	o	o
dwupłatkowej	dwupłatkowy	ADJ	i-Investigation_result	o	o
zastawki	zastawka	SUBST	i-Investigation_result	o	o
aortalnej	aortalny	ADJ	i-Investigation_result	o	o
z	z	PREP	i-Investigation_result	o	o
łagodną	łagodny	ADJ	i-Investigation_result	o	o
stenozą	stenozą	SUBST	i-Investigation_result	o	o
-	-	INTERP	o	o	o
wskazana	wskazać	PPAS	o	o	o
ocena	ocena	SUBST	b-Investigation	o	o
w	w	PREP	i-Investigation	o	o
badaniu	badanie	SUBST	i-Investigation	o	o
TEE	tee	SUBST	i-Investigation	o	o
.	.	INTERP	o	o	o

Zachowana	zachować	PPAS	b-Investigation_result	o	o
funkcja	funkcja	SUBST	i-Investigation_result	o	o
skurczowa	skurczowy	ADJ	i-Investigation_result	o	o
LK	lk	SUBST	i-Investigation_result	o	o
i	i	CONJ	i-Investigation_result	o	o
PK	pk	SUBST	i-Investigation_result	o	o
(	(	INTERP	o	o	o
EF	ef	BREV	b-Investigation_result	o	o
63	63	NUM	i-Investigation_result	o	o
%	%	SUBST	i-Investigation_result	o	o
,	,	INTERP	o	o	o

TAPSE	tapse	SUBST	b-Investigation_result	o	o
21	21	NUM	i-Investigation_result	o	o
mm	milimetr	BREV	i-Investigation_result	o	o
)	)	INTERP	o	o	o
.	.	INTERP	o	o	o

Dysfunkcja	dysfunkcja	SUBST	b-Investigation_result	o	o
rozkurczowa	rozkurczowy	ADJ	i-Investigation_result	o	o
LK	lk	SUBST	i-Investigation_result	o	o
o	o	PREP	i-Investigation_result	o	o
typie	typ	SUBST	i-Investigation_result	o	o
zaburzeń	zaburzenie	SUBST	i-Investigation_result	o	o
relaksacji	relaksacja	SUBST	i-Investigation_result	o	o
.	.	INTERP	o	o	o

Niewielki	niewielki	ADJ	b-Investigation_result	o	o
przerost	przerost	SUBST	i-Investigation_result	b-path_func	o
ścian	ściana	SUBST	i-Investigation_result	o	o
LK	lk	SUBST	i-Investigation_result	o	o
.	.	INTERP	o	o	o

IM	on	PPRON3	b-Investigation_result	o	o
Ist	ist	BREV	i-Investigation_result	o	o
.	.	INTERP	o	o	o
IT	it	SUBST	b-Investigation_result	o	o
Ist	ist	SUBST	i-Investigation_result	o	o
z	z	PREP	o	o	o
SPAP-	spap-	SUBST	b-Investigation_result	o	o
37mmHg	37mmhg	SUBST	i-Investigation_result	o	o
.	.	INTERP	o	o	o
		_SP	o	o	o

Echokardiografia	echokardiografia	SUBST	o	b-diag_proc	o
przezprzełykowa	przezprzełykowa	ADJ	o	o	o
:	:	INTERP	o	o	o
Echokardiograficzne	echokardiograficzne	ADJ	o	o	o
badanie	badan	SUBST	o	o	o
przezprzełykowe	przezprzełykowe	ADJ	o	o	o
wykonano	wykonać	IMPS	o	o	o
zgodnie	zgodnie	ADV	o	o	o
ze	z	PREP	o	o	o
standardami	standard	SUBST	o	b-quan_conc	o
Sekcji	sekcja	SUBST	o	o	o
Echokardiografii	echokardiografia	SUBST	o	b-diag_proc	o
PTK	ptk	SUBST	o	o	o
.	.	INTERP	o	o	o

System	systema	SUBST	o	o	o
GE	ge	SUBST	o	o	o
Vivid	vivid	SUBST	o	o	o
E95	e95	SUBST	o	o	o
/TEE	/tee	INTERP	o	o	o
4D/.	4d/.	SUBST	o	o	o
		_SP	o	o	o
1.\x09Połączenia	1.\x09połączenia	NUM	o	o	o
żylno-przedsionkowe	żylno-przedsionkowe	ADJ	o	o	o
,	,	INTERP	o	o	o
przedsionkowo-komorowe	przedsionkowo-komorowe	ADJ	o	o	o
i	i	CONJ	o	o	o
komorowo-tętnicze	komorowo-tętnicze	SUBST	o	o	o
są	być	FIN	o	o	o
zgodne	zgodny	ADJ	o	o	o
.	.	INTERP	o	o	o
		_SP	o	o	o

2.\x09Przegroda	2.\x09przegroda	NUM	o	o	o
międzyprzedsionkowa	międzyprzedsionkowa	ADJ	o	o	o
–	–	INTERP	o	o	o
wykluczono	wykluczyć	IMPS	o	o	o
obecność	obecność	SUBST	o	o	o
ASD	asd	SUBST	o	o	o
.	.	INTERP	o	o	o

Uwidoczniono	uwidocznić	IMPS	o	o	o
PFO	pfo	SUBST	o	o	o
,	,	INTERP	o	o	o
kanał	kanał	SUBST	o	o	o
długości	długość	SUBST	o	o	o
9	9	NUM	o	o	o
mm	milimetr	BREV	o	o	o
,	,	INTERP	o	o	o
ze	z	PREP	o	o	o
stałym	stały	ADJ	o	o	o
L-P	l-p	SUBST	o	o	o
przeciekiem	przeciek	SUBST	o	o	o
w	w	PREP	o	o	o
warunkach	warunki	SUBST	o	o	o
podstawowych	podstawowy	ADJ	o	o	o
i	i	CONJ	o	o	o
P-L	p-l	PREP	o	o	o
przeciekiem	przeciek	GER	o	o	o
podczas	podczas	PREP	o	o	o
manewru	manewr	SUBST	o	o	o
Valsalvy	valsalvy	SUBST	o	o	o
.	.	INTERP	o	o	o
		_SP	o	o	o

3.\x09Nie	3.\x09nie	SUBST	o	o	o
uwidoczniono	uwidocznić	IMPS	o	o	o
innych	inny	ADJ	o	o	o
nieprawidłowych	prawidłowy	ADJ	o	o	o
połączeń	połączenie	SUBST	o	o	o
pomiędzy	pomiędzy	PREP	o	o	o
jamami	jama	SUBST	o	o	o
serca	serce	SUBST	o	b-body_part_orga_or_orga_comp	o
lub	lub	CONJ	o	o	o
wielkimi	wielki	ADJ	o	o	o
naczyniami	naczynie	SUBST	o	o	o
.	.	INTERP	o	o	o
		_SP	o	o	o

4.\x09Zastawka	4.\x09zastawka	NUM	o	o	o
aortalna	aortalna	SUBST	o	o	o
-	-	INTERP	o	o	o
BAV	bav	SUBST	o	o	o
,	,	INTERP	o	o	o
AVA	ava	SUBST	o	o	o
2.6	2.6	NUM	o	o	o
cm2	cm2	BREV	o	o	o
,	,	INTERP	o	o	o
		_SP	o	o	o
izolowana	izolować	PPAS	o	o	o
niedomykalność	niedomykalność	SUBST	o	o	o
II	ii	ADJ	o	o	o
stopnia	stopień	SUBST	o	o	o
-	-	INTERP	o	o	o
fala	fala	SUBST	o	o	o
skierowana	skierować	PPAS	o	o	o
na	na	PREP	o	o	o
przedni	przedni	ADJ	o	o	o
płatek	płatka	SUBST	o	o	o
mitralny	mitralny	ADJ	o	o	o
,	,	INTERP	o	o	o
efekt	efekt	SUBST	o	o	o
Coandy	coandy	SUBST	o	o	o
/+/.	/+/.	INTERP	o	o	o
Płatki	płatka	SUBST	o	o	o
bez	bez	PREP	o	b-plan	o
istotnych	istotny	ADJ	o	o	o
zmian	zmiana	SUBST	o	o	o
organicznych	organiczny	ADJ	o	o	o
.	.	INTERP	o	o	o

Średnica	średnica	SUBST	o	o	o
pierścienia	pierścień	SUBST	o	o	o
25	25	NUM	o	o	o
mm	milimetr	BREV	o	o	o
.	.	INTERP	o	o	o
		_SP	o	o	o

5.	5.	ADJ	o	o	o
		_SP	o	o	o
Pozostałe	pozostały	ADJ	o	o	o
zastawki	zastawka	SUBST	o	b-body_part_orga_or_orga_comp	o
serca	serce	SUBST	o	i-body_part_orga_or_orga_comp	o
bez	bez	PREP	o	b-plan	o
zmian	zmiana	SUBST	o	o	o
organicznych	organiczny	ADJ	o	o	o
i	i	CONJ	o	o	o
czynnościowych	czynnościowy	ADJ	o	o	o
.	.	INTERP	o	o	o
		_SP	o	o	o

5.\x09W	5.\x09w	NUM	o	o	o
jamach	jama	SUBST	o	o	o
serca	serce	SUBST	o	b-body_part_orga_or_orga_comp	o
nie	nie	QUB	o	o	o
uwidoczniono	uwidocznić	IMPS	o	o	o
skrzeplin	skrzeplina	SUBST	o	b-path_func	o
.	.	INTERP	o	o	o
		_SP	o	o	o

6.\x09Aorta	6.\x09aorta	NUM	o	o	o
piersiowa	piersiowy	ADJ	o	o	o
bez	bez	PREP	o	b-plan	o
patologii	patologia	SUBST	o	b-biom_occu_or_disc	o
,	,	INTERP	o	o	o
średnica	średnica	SUBST	o	o	o
opuszki	opuszka	SUBST	o	o	o
aorty	aorta	SUBST	o	b-body_part_orga_or_orga_comp	o
34	34	NUM	o	o	o
mm	milimetr	BREV	o	o	o
,	,	INTERP	o	o	o
STJ	stj	SUBST	o	o	o
25	25	NUM	o	o	o
mm	milimetr	BREV	o	o	o
,	,	INTERP	o	o	o
aorta	aorta	SUBST	o	b-body_part_orga_or_orga_comp	o
wstępująca	wstępować	PACT	o	o	o
jest	być	FIN	o	o	o
nieznacznie	nieznacznie	ADV	o	o	o
poszerzona	poszerzyć	PPAS	o	o	o
/42	/42	SUBST	o	o	o
mm/.	mm/.	SUBST	o	o	o
		_SP	o	o	o

Monitorowanie	monitorowanie	GER	o	o	o
czynności	czynność	SUBST	o	o	o
serca	serce	SUBST	o	b-body_part_orga_or_orga_comp	o
za	za	PREP	o	o	o
pomocą	pomoc	SUBST	o	o	o
urządzeń	urządzenie	SUBST	o	o	o
analogowych	analogowy	ADJ	o	o	o
lub	lub	CONJ	o	o	o
cyfrowych	cyfrowy	ADJ	o	o	o
(	(	INTERP	o	o	o
typu	typ	SUBST	o	o	o
Holter	holter	SUBST	o	o	o
)	)	INTERP	o	o	o
–	–	INTERP	o	o	o
Holter	holter	SUBST	o	o	o
EKG	ekg	SUBST	o	b-diag_proc	o
:	:	INTERP	o	o	o

W	w	PREP	o	o	o
ciągu	ciąg	SUBST	o	o	o
doby	doba	SUBST	o	o	o
stymulacja	stymulacja	SUBST	o	o	o
AsVp	asvp	SUBST	o	o	o
o	o	PREP	o	o	o
średniej	średni	ADJ	o	o	o
częstości	częstość	SUBST	o	o	o
62/min	62/min	SUBST	o	o	o
,	,	INTERP	o	o	o
minimalnej	minimalny	ADJ	o	o	o
59/min	59/min	SUBST	o	o	o
,	,	INTERP	o	o	o
		_SP	o	o	o
maksymalnej	maksymalny	ADJ	o	o	o
78/min	78/min	SUBST	o	o	o
.	.	INTERP	o	o	o
		_SP	o	o	o

ExSV:125/dobę	exsv:125/dobę	SUBST	o	o	o
		_SP	o	o	o
ExV	exv	SUBST	o	o	o
:	:	INTERP	o	o	o
6/dobę	6/dobę	SUBST	o	o	o
		_SP	o	o	o
Epizodów	epizod	SUBST	o	o	o
bradykardii	bradykardia	SUBST	o	b-find	o
<	<	INTERP	o	o	o
50/min	50/min	SUBST	o	o	o
:	:	INTERP	o	o	o
0	0	NUM	o	o	o
		_SP	o	o	o
Pauzy	pauza	SUBST	o	o	o
powyżej	powyżej	PREP	o	o	o
2	2	NUM	o	o	o
sek	sekunda	BREV	o	o	o
:	:	INTERP	o	o	o
nie	nie	QUB	o	o	o
zarejestrowano	zarejestrować	IMPS	o	o	o
.	.	INTERP	o	o	o
		_SP	o	o	o

2018-07-06	2018-07-06	NUM	o	o	o
		_SP	o	o	o

Monitorowanie	monitorowanie	GER	o	o	o
ciśnienia	ciśnienie	SUBST	o	b-find	o
tętniczego	tętniczy	ADJ	o	i-find	o
krwi	krew	SUBST	o	o	o
za	za	PREP	o	o	o
pomocą	pomoc	SUBST	o	o	o
urządzeń	urządzenie	SUBST	o	o	o
analogowych	analogowy	ADJ	o	o	o
lub	lub	CONJ	o	o	o
cyfrowych	cyfrowy	ADJ	o	o	o
(	(	INTERP	o	o	o
typu	typ	SUBST	o	o	o
Holter	holter	SUBST	o	o	o
)	)	INTERP	o	o	o
–	–	INTERP	o	o	o
Holter	holter	SUBST	o	o	o
RR	rr	SUBST	o	o	o
:	:	INTERP	o	o	o
godziny	godzina	SUBST	o	o	o
dzienne	dzienny	ADJ	o	o	o
:	:	INTERP	o	o	o
wartości	wartość	SUBST	o	o	o
ciśnienia	ciśnienie	SUBST	o	b-phen_or_proc	o
skurczowego	skurczowy	ADJ	o	o	o
>	>	INTERP	o	o	o
135	135	NUM	o	o	o
mmHg	mmhg	BREV	o	o	o
:	:	INTERP	o	o	o
38	38	NUM	o	o	o
%	%	SUBST	o	o	o
;	;	INTERP	o	o	o
wartości	wartość	SUBST	o	o	o
ciśnienia	ciśnienie	SUBST	o	b-phen_or_proc	o
rozkurczowego	rozkurczowy	ADJ	o	o	o
>	>	INTERP	o	o	o
85	85	NUM	o	o	o
mmHg	mmhg	BREV	o	o	o
:	:	INTERP	o	o	o
0	0	NUM	o	o	o
%	%	SUBST	o	o	o
;	;	INTERP	o	o	o
średnie	średni	ADJ	o	o	o
ciśnienie	ciśnienie	SUBST	o	b-phen_or_proc	o
skurczowe/rozkurczowe	skurczowe/rozkurczowe	ADJ	o	o	o
:	:	INTERP	o	o	o
		_SP	o	o	o
131/63mmHg	131/63mmhg	NUM	o	o	o
		_SP	o	o	o
godziny	godzina	SUBST	o	o	o
nocne/przebudzenie	nocne/przebudzenie	SUBST	o	o	o
:	:	INTERP	o	o	o
wartości	wartość	SUBST	o	o	o
ciśnienia	ciśnienie	SUBST	o	b-phen_or_proc	o
skurczowego	skurczowy	ADJ	o	o	o
>	>	INTERP	o	o	o
125	125	NUM	o	o	o
mmHg	mmhg	BREV	o	o	o
:	:	INTERP	o	o	o
28	28	NUM	o	o	o
%	%	SUBST	o	o	o
;	;	INTERP	o	o	o
wartości	wartość	SUBST	o	o	o
ciśnienia	ciśnienie	SUBST	o	b-phen_or_proc	o
rozkurczowego	rozkurczowy	ADJ	o	o	o
>	>	INTERP	o	o	o
80	80	NUM	o	o	o
mmHg	mmhg	BREV	o	o	o
:	:	INTERP	o	o	o
0	0	NUM	o	o	o
%	%	SUBST	o	o	o
;	;	INTERP	o	o	o
średnie	średni	ADJ	o	o	o
ciśnienie	ciśnienie	SUBST	o	b-phen_or_proc	o
skurczowe/rozkurczowe	skurczowe/rozkurczowe	ADJ	o	o	o
:	:	INTERP	o	o	o
119/57mmHg	119/57mmhg	NUM	o	o	o
		_SP	o	o	o
różnica	różnica	SUBST	o	o	o
średnia	średni	ADJ	o	o	o
z	z	PREP	o	o	o
godzin	godzina	SUBST	o	o	o
dzień/noc	dzień/noc	SUBST	o	o	o
,	,	INTERP	o	o	o
skurczowe	skurczowy	ADJ	o	o	o
:	:	INTERP	o	o	o
-9.2	-9.2	NUM	o	o	o
,	,	INTERP	o	o	o
rozkurczowe	rozkurczowy	ADJ	o	o	o
:	:	INTERP	o	o	o
-10.1	-10.1	SUBST	o	o	o
		_SP	o	o	o
------------------------------------------------	------------------------------------------------	SUBST	o	o	o
		_SP	o	o	o
ICD10	icd10	SUBST	o	o	o
		_SP	o	o	o

------------------------------------------------	------------------------------------------------	SUBST	o	o	o
		_SP	o	o	o

I35.1	i35.1	NUM	o	o	o
		_SP	o	o	o
I49.5	i49.5	SUBST	o	o	o
		_SP	o	o	o
I50.9	i50.9	NUM	o	o	o
		_SP	o	o	o
I48	i48	SUBST	o	o	o
		_SP	o	o	o
Q21.1	q21.1	SUBST	o	o	o
		_SP	o	o	o
------------------------------------------------	------------------------------------------------	SUBST	o	o	o
		_SP	o	o	o
ICD9	icd9	SUBST	o	o	o
		_SP	o	o	o

------------------------------------------------	------------------------------------------------	SUBST	o	o	o
		_SP	o	o	o
87.440	87.440	NUM	o	o	o
		_SP	o	o	o
88.721	88.721	NUM	o	o	o
		_SP	o	o	o
88.722	88.722	NUM	o	o	o
		_SP	o	o	o
89.502	89.502	NUM	o	o	o
		_SP	o	o	o
------------------------------------------------	------------------------------------------------	SUBST	o	o	o
		_SP	o	o	o

Zastosowane	zastosować	PPAS	o	o	o
leczenie	leczenie	SUBST	o	b-ther_or_prev_proc	o
		_SP	o	o	o
------------------------------------------------	------------------------------------------------	SUBST	o	o	o
		_SP	o	o	o
------------------------------------------------	------------------------------------------------	SUBST	o	o	o
		_SP	o	o	o

Zalecenia	zalecenie	SUBST	o	o	o
		_SP	o	o	o

------------------------------------------------	------------------------------------------------	SUBST	o	o	o
		_SP	o	o	o
-dalsza	-dalsza	ADJ	o	o	o
opieka	opieka	SUBST	b-Treatment	o	o
w	w	PREP	i-Treatment	o	o
poradni	poradnia	SUBST	i-Treatment	o	o
POZ	poz	SUBST	i-Treatment	o	o
		_SP	o	o	o
-okresowa	-okresowa	ADJ	o	o	o
kontrola	kontrola	SUBST	b-Treatment	o	o
kardiologiczna	kardiologiczny	ADJ	i-Treatment	o	o
		_SP	o	o	o
z	z	PREP	o	o	o
oceną	ocena	SUBST	b-Investigation	o	o
echokardiograficzną	echokardiograficzną	ADJ	i-Investigation	o	o
co	co	PREP	b-Date	b-clin_attr	o
rok	rok	SUBST	i-Date	o	o
(	(	INTERP	o	o	o
wydano	wydać	IMPS	o	o	o
skierowanie	skierowanie	SUBST	o	o	o
)	)	INTERP	o	o	o
		_SP	o	o	o

-okresowa	-okresowa	ADJ	o	o	o
kontrola	kontrola	SUBST	b-Treatment	o	o
gastroenterologiczna	gastroenterologiczny	ADJ	i-Treatment	o	o
		_SP	o	o	o
-codzienna	-codzienna	SUBST	o	o	o
kontrola	kontrola	SUBST	b-Behaviour	o	o
ciśnienia	ciśnienie	SUBST	i-Behaviour	b-find	o
tętniczego	tętniczy	ADJ	i-Behaviour	i-find	o
i	i	CONJ	i-Behaviour	o	o
masy	masa	SUBST	i-Behaviour	o	o
ciała	ciało	SUBST	i-Behaviour	o	o
		_SP	o	o	o
-okresowa	-okresowa	ADJ	o	o	o
kontrolą	kontrola	SUBST	b-Investigation	o	o
morfologii	morfologia	SUBST	i-Investigation	o	o
,	,	INTERP	o	o	o
lipidogramu	lipidogramu	SUBST	b-Investigation	o	o
,	,	INTERP	o	o	o
parametrów	parametr	SUBST	b-Investigation	o	o
wątrobowych	wątrobowy	ADJ	i-Investigation	o	o
i	i	CONJ	i-Investigation	o	o
nerkowych	nerkowy	ADJ	i-Investigation	o	o
		_SP	o	o	o
-dieta	-dieta	SUBST	o	o	o
niskocholesterolowa	niskocholesterolowa	ADJ	i-Behaviour	o	o
		_SP	o	o	o
regularne	regularny	ADJ	b-Treatment	o	o
przyjmowanie	przyjmowanie	GER	i-Treatment	o	o
leków	lek	SUBST	i-Treatment	b-phar_subs	o
:	:	INTERP	o	o	o
		_SP	o	o	o
Biosotal	biosotal	SUBST	b-Drug	o	b-medicine
80	80	NUM	b-Drug_dose	o	i-medicine
mg	miligram	BREV	i-Drug_dose	o	o
1	1	ADJ	i-Drug_dose	o	o
tabl	tabl	BREV	i-Drug_dose	o	o
.	.	INTERP	i-Drug_dose	o	o
rano	rano	ADV	i-Drug_dose	o	o
,	,	INTERP	i-Drug_dose	o	o
w	w	PREP	i-Drug_dose	o	o
południe	południe	SUBST	i-Drug_dose	o	o
i	i	CONJ	i-Drug_dose	o	o
wieczorem	wieczór	SUBST	i-Drug_dose	o	o
		_SP	o	o	o
Vivace	vivace	SUBST	b-Drug	o	b-medicine
5	5	NUM	b-Drug_dose	o	i-medicine
mg	miligram	BREV	i-Drug_dose	o	i-medicine
1	1	ADJ	i-Drug_dose	o	o
tabl	tabl	BREV	i-Drug_dose	o	o
.	.	INTERP	i-Drug_dose	o	o

wieczorem	wieczór	SUBST	i-Drug_dose	o	o
		_SP	o	o	o
Trifas	trifas	SUBST	b-Drug	o	b-medicine
10	10	NUM	b-Drug_dose	o	i-medicine
mg	miligram	BREV	i-Drug_dose	o	o
1	1	ADJ	i-Drug_dose	o	o
tabl	tabl	BREV	i-Drug_dose	o	o
.	.	INTERP	i-Drug_dose	o	o
rano	rano	ADV	i-Drug_dose	o	o
		_SP	o	o	o
Atoris	atoris	SUBST	b-Drug	o	b-medicine
40	40	NUM	b-Drug_dose	o	o
mg	miligram	BREV	i-Drug_dose	o	o
1	1	ADJ	i-Drug_dose	o	o
tabl	tabl	BREV	i-Drug_dose	o	o
.	.	INTERP	i-Drug_dose	o	o

wieczorem	wieczór	SUBST	i-Drug_dose	o	o
		_SP	o	o	o
Acenokumarol	acenokumarol	SUBST	b-Drug	b-phar_subs	o
tabl	tabl	BREV	b-Drug_dose	o	o
.	.	INTERP	i-Drug_dose	o	o

4	4	NUM	i-Drug_dose	o	o
mg	miligram	BREV	i-Drug_dose	o	o
		_SP	i-Drug_dose	o	o
obecnie	obecnie	ADV	i-Drug_dose	o	o
wg	według	BREV	i-Drug_dose	o	o
schematu	schemat	SUBST	i-Drug_dose	o	o
4	4	NUM	i-Drug_dose	o	o
mg	miligram	BREV	i-Drug_dose	o	o
-	-	INTERP	i-Drug_dose	o	o
3	3	NUM	i-Drug_dose	o	o
mg	miligram	BREV	i-Drug_dose	o	o
		_SP	o	o	o
IPP	ipp	SUBST	b-Drug	o	b-medicine
20	20	NUM	b-Drug_dose	o	i-medicine
mg	miligram	BREV	i-Drug_dose	o	o
		_SP	i-Drug_dose	o	o
1	1	ADJ	i-Drug_dose	o	o
tabl	tabl	BREV	i-Drug_dose	o	o
.	.	INTERP	i-Drug_dose	o	o

rano	rano	ADV	i-Drug_dose	o	o
20	20	NUM	i-Drug_dose	o	o
min	minuta	BREV	i-Drug_dose	o	o
przed	przed	PREP	i-Drug_dose	o	o
śniadaniem	śniadanie	SUBST	i-Drug_dose	b-dail_or_recr_acti	o
		_SP	o	o	o

